[{"user_id":"1","asset":"BTC"},{"user_id":"2","asset":"BTC"},{"user_id":"3","asset":"BTC"},{"user_id":"4","asset":"BTC"},{"user_id":"5","asset":"BTC"},{"user_id":"6","asset":"BTC"},{"user_id":"7","asset":"BTC"},{"user_id":"8","asset":"BTC"},{"user_id":"9","asset":"BTC"},{"user_id":"10","asset":"BTC"},{"user_id":"11","asset":"BTC"},{"user_id":"12","asset":"BTC"},{"user_id":"13","asset":"BTC"},{"user_id":"14","asset":"BTC"},{"user_id":"15","asset":"BTC"},{"user_id":"16","asset":"BTC"},{"user_id":"17","asset":"BTC"},{"user_id":"18","asset":"BTC"},{"user_id":"19","asset":"BTC"},{"user_id":"20","asset":"BTC"},{"user_id":"21","asset":"BTC"},{"user_id":"22","asset":"BTC"},{"user_id":"23","asset":"BTC"},{"user_id":"24","asset":"BTC"},{"user_id":"25","asset":"BTC"},{"user_id":"26","asset":"BTC"},{"user_id":"27","asset":"BTC"},{"user_id":"28","asset":"BTC"},{"user_id":"29","asset":"BTC"},{"user_id":"30","asset":"BTC"},{"user_id":"31","asset":"BTC"},{"user_id":"32","asset":"BTC"},{"user_id":"33","asset":"BTC"},{"user_id":"34","asset":"BTC"},{"user_id":"35","asset":"BTC"},{"user_id":"36","asset":"BTC"},{"user_id":"37","asset":"BTC"},{"user_id":"38","asset":"BTC"},{"user_id":"39","asset":"BTC"},{"user_id":"40","asset":"BTC"},{"user_id":"41","asset":"BTC"},{"user_id":"42","asset":"BTC"},{"user_id":"43","asset":"BTC"},{"user_id":"44","asset":"BTC"},{"user_id":"45","asset":"BTC"},{"user_id":"46","asset":"BTC"},{"user_id":"47","asset":"BTC"},{"user_id":"48","asset":"BTC"},{"user_id":"49","asset":"BTC"},{"user_id":"50","asset":"BTC"},{"user_id":"51","asset":"BTC"},{"user_id":"52","asset":"BTC"},{"user_id":"53","asset":"BTC"},{"user_id":"54","asset":"BTC"},{"user_id":"55","asset":"BTC"},{"user_id":"56","asset":"BTC"},{"user_id":"57","asset":"BTC"},{"user_id":"58","asset":"BTC"},{"user_id":"59","asset":"BTC"},{"user_id":"60","asset":"BTC"},{"user_id":"61","asset":"BTC"},{"user_id":"62","asset":"BTC"},{"user_id":"63","asset":"BTC"},{"user_id":"64","asset":"BTC"},{"user_id":"65","asset":"BTC"},{"user_id":"66","asset":"BTC"},{"user_id":"67","asset":"BTC"},{"user_id":"68","asset":"BTC"},{"user_id":"69","asset":"BTC"},{"user_id":"70","asset":"BTC"},{"user_id":"71","asset":"BTC"},{"user_id":"72","asset":"BTC"},{"user_id":"73","asset":"BTC"},{"user_id":"74","asset":"BTC"},{"user_id":"75","asset":"BTC"},{"user_id":"76","asset":"BTC"},{"user_id":"77","asset":"BTC"},{"user_id":"78","asset":"BTC"},{"user_id":"79","asset":"BTC"},{"user_id":"80","asset":"BTC"},{"user_id":"81","asset":"BTC"},{"user_id":"82","asset":"BTC"},{"user_id":"83","asset":"BTC"},{"user_id":"84","asset":"BTC"},{"user_id":"85","asset":"BTC"},{"user_id":"86","asset":"BTC"},{"user_id":"87","asset":"BTC"},{"user_id":"88","asset":"BTC"},{"user_id":"89","asset":"BTC"},{"user_id":"90","asset":"BTC"},{"user_id":"91","asset":"BTC"},{"user_id":"92","asset":"BTC"},{"user_id":"93","asset":"BTC"},{"user_id":"94","asset":"BTC"},{"user_id":"95","asset":"BTC"},{"user_id":"96","asset":"BTC"},{"user_id":"97","asset":"BTC"},{"user_id":"98","asset":"BTC"},{"user_id":"99","asset":"BTC"},{"user_id":"100","asset":"BTC"},{"user_id":"101","asset":"BTC"},{"user_id":"102","asset":"BTC"},{"user_id":"103","asset":"BTC"},{"user_id":"104","asset":"BTC"},{"user_id":"105","asset":"BTC"},{"user_id":"106","asset":"BTC"},{"user_id":"107","asset":"BTC"},{"user_id":"108","asset":"BTC"},{"user_id":"109","asset":"BTC"},{"user_id":"110","asset":"BTC"},{"user_id":"111","asset":"BTC"},{"user_id":"112","asset":"BTC"},{"user_id":"113","asset":"BTC"},{"user_id":"114","asset":"BTC"},{"user_id":"115","asset":"BTC"},{"user_id":"116","asset":"BTC"},{"user_id":"117","asset":"BTC"},{"user_id":"118","asset":"BTC"},{"user_id":"119","asset":"BTC"},{"user_id":"120","asset":"BTC"},{"user_id":"121","asset":"BTC"},{"user_id":"122","asset":"BTC"},{"user_id":"123","asset":"BTC"},{"user_id":"124","asset":"BTC"},{"user_id":"125","asset":"BTC"},{"user_id":"126","asset":"BTC"},{"user_id":"127","asset":"BTC"},{"user_id":"128","asset":"BTC"},{"user_id":"129","asset":"BTC"},{"user_id":"130","asset":"BTC"},{"user_id":"131","asset":"BTC"},{"user_id":"132","asset":"BTC"},{"user_id":"133","asset":"BTC"},{"user_id":"134","asset":"BTC"},{"user_id":"135","asset":"BTC"},{"user_id":"136","asset":"BTC"},{"user_id":"137","asset":"BTC"},{"user_id":"138","asset":"BTC"},{"user_id":"139","asset":"BTC"},{"user_id":"140","asset":"BTC"},{"user_id":"141","asset":"BTC"},{"user_id":"142","asset":"BTC"},{"user_id":"143","asset":"BTC"},{"user_id":"144","asset":"BTC"},{"user_id":"145","asset":"BTC"},{"user_id":"146","asset":"BTC"},{"user_id":"147","asset":"BTC"},{"user_id":"148","asset":"BTC"},{"user_id":"149","asset":"BTC"},{"user_id":"150","asset":"BTC"},{"user_id":"151","asset":"BTC"},{"user_id":"152","asset":"BTC"},{"user_id":"153","asset":"BTC"},{"user_id":"154","asset":"BTC"},{"user_id":"155","asset":"BTC"},{"user_id":"156","asset":"BTC"},{"user_id":"157","asset":"BTC"},{"user_id":"158","asset":"BTC"},{"user_id":"159","asset":"BTC"},{"user_id":"160","asset":"BTC"},{"user_id":"161","asset":"BTC"},{"user_id":"162","asset":"BTC"},{"user_id":"163","asset":"BTC"},{"user_id":"164","asset":"BTC"},{"user_id":"165","asset":"BTC"},{"user_id":"166","asset":"BTC"},{"user_id":"167","asset":"BTC"},{"user_id":"168","asset":"BTC"},{"user_id":"169","asset":"BTC"},{"user_id":"170","asset":"BTC"},{"user_id":"171","asset":"BTC"},{"user_id":"172","asset":"BTC"},{"user_id":"173","asset":"BTC"},{"user_id":"174","asset":"BTC"},{"user_id":"175","asset":"BTC"},{"user_id":"176","asset":"BTC"},{"user_id":"177","asset":"BTC"},{"user_id":"178","asset":"BTC"},{"user_id":"179","asset":"BTC"},{"user_id":"180","asset":"BTC"},{"user_id":"181","asset":"BTC"},{"user_id":"182","asset":"BTC"},{"user_id":"183","asset":"BTC"},{"user_id":"184","asset":"BTC"},{"user_id":"185","asset":"BTC"},{"user_id":"186","asset":"BTC"},{"user_id":"187","asset":"BTC"},{"user_id":"188","asset":"BTC"},{"user_id":"189","asset":"BTC"},{"user_id":"190","asset":"BTC"},{"user_id":"191","asset":"BTC"},{"user_id":"192","asset":"BTC"},{"user_id":"193","asset":"BTC"},{"user_id":"194","asset":"BTC"},{"user_id":"195","asset":"BTC"},{"user_id":"196","asset":"BTC"},{"user_id":"197","asset":"BTC"},{"user_id":"198","asset":"BTC"},{"user_id":"199","asset":"BTC"},{"user_id":"200","asset":"BTC"},{"user_id":"201","asset":"BTC"},{"user_id":"202","asset":"BTC"},{"user_id":"203","asset":"BTC"},{"user_id":"204","asset":"BTC"},{"user_id":"205","asset":"BTC"},{"user_id":"206","asset":"BTC"},{"user_id":"207","asset":"BTC"},{"user_id":"208","asset":"BTC"},{"user_id":"209","asset":"BTC"},{"user_id":"210","asset":"BTC"},{"user_id":"211","asset":"BTC"},{"user_id":"212","asset":"BTC"},{"user_id":"213","asset":"BTC"},{"user_id":"214","asset":"BTC"},{"user_id":"215","asset":"BTC"},{"user_id":"216","asset":"BTC"},{"user_id":"217","asset":"BTC"},{"user_id":"218","asset":"BTC"},{"user_id":"219","asset":"BTC"},{"user_id":"220","asset":"BTC"},{"user_id":"221","asset":"BTC"},{"user_id":"222","asset":"BTC"},{"user_id":"223","asset":"BTC"},{"user_id":"224","asset":"BTC"},{"user_id":"225","asset":"BTC"},{"user_id":"226","asset":"BTC"},{"user_id":"227","asset":"BTC"},{"user_id":"228","asset":"BTC"},{"user_id":"229","asset":"BTC"},{"user_id":"230","asset":"BTC"},{"user_id":"231","asset":"BTC"},{"user_id":"232","asset":"BTC"},{"user_id":"233","asset":"BTC"},{"user_id":"234","asset":"BTC"},{"user_id":"235","asset":"BTC"},{"user_id":"236","asset":"BTC"},{"user_id":"237","asset":"BTC"},{"user_id":"238","asset":"BTC"},{"user_id":"239","asset":"BTC"},{"user_id":"240","asset":"BTC"},{"user_id":"241","asset":"BTC"},{"user_id":"242","asset":"BTC"},{"user_id":"243","asset":"BTC"},{"user_id":"244","asset":"BTC"},{"user_id":"245","asset":"BTC"},{"user_id":"246","asset":"BTC"},{"user_id":"247","asset":"BTC"},{"user_id":"248","asset":"BTC"},{"user_id":"249","asset":"BTC"},{"user_id":"250","asset":"BTC"},{"user_id":"251","asset":"BTC"},{"user_id":"252","asset":"BTC"},{"user_id":"253","asset":"BTC"},{"user_id":"254","asset":"BTC"},{"user_id":"255","asset":"BTC"},{"user_id":"256","asset":"BTC"},{"user_id":"257","asset":"BTC"},{"user_id":"258","asset":"BTC"},{"user_id":"259","asset":"BTC"},{"user_id":"260","asset":"BTC"},{"user_id":"261","asset":"BTC"},{"user_id":"262","asset":"BTC"},{"user_id":"263","asset":"BTC"},{"user_id":"264","asset":"BTC"},{"user_id":"265","asset":"BTC"},{"user_id":"266","asset":"BTC"},{"user_id":"267","asset":"BTC"},{"user_id":"268","asset":"BTC"},{"user_id":"269","asset":"BTC"},{"user_id":"270","asset":"BTC"},{"user_id":"271","asset":"BTC"},{"user_id":"272","asset":"BTC"},{"user_id":"273","asset":"BTC"},{"user_id":"274","asset":"BTC"},{"user_id":"275","asset":"BTC"},{"user_id":"276","asset":"BTC"},{"user_id":"277","asset":"BTC"},{"user_id":"278","asset":"BTC"},{"user_id":"279","asset":"BTC"},{"user_id":"280","asset":"BTC"},{"user_id":"281","asset":"BTC"},{"user_id":"282","asset":"BTC"},{"user_id":"283","asset":"BTC"},{"user_id":"284","asset":"BTC"},{"user_id":"285","asset":"BTC"},{"user_id":"286","asset":"BTC"},{"user_id":"287","asset":"BTC"},{"user_id":"288","asset":"BTC"},{"user_id":"289","asset":"BTC"},{"user_id":"290","asset":"BTC"},{"user_id":"291","asset":"BTC"},{"user_id":"292","asset":"BTC"},{"user_id":"293","asset":"BTC"},{"user_id":"294","asset":"BTC"},{"user_id":"295","asset":"BTC"},{"user_id":"296","asset":"BTC"},{"user_id":"297","asset":"BTC"},{"user_id":"298","asset":"BTC"},{"user_id":"299","asset":"BTC"},{"user_id":"300","asset":"BTC"},{"user_id":"301","asset":"BTC"},{"user_id":"302","asset":"BTC"},{"user_id":"303","asset":"BTC"},{"user_id":"304","asset":"BTC"},{"user_id":"305","asset":"BTC"},{"user_id":"306","asset":"BTC"},{"user_id":"307","asset":"BTC"},{"user_id":"308","asset":"BTC"},{"user_id":"309","asset":"BTC"},{"user_id":"310","asset":"BTC"},{"user_id":"311","asset":"BTC"},{"user_id":"312","asset":"BTC"},{"user_id":"313","asset":"BTC"},{"user_id":"314","asset":"BTC"},{"user_id":"315","asset":"BTC"},{"user_id":"316","asset":"BTC"},{"user_id":"317","asset":"BTC"},{"user_id":"318","asset":"BTC"},{"user_id":"319","asset":"BTC"},{"user_id":"320","asset":"BTC"},{"user_id":"321","asset":"BTC"},{"user_id":"322","asset":"BTC"},{"user_id":"323","asset":"BTC"},{"user_id":"324","asset":"BTC"},{"user_id":"325","asset":"BTC"},{"user_id":"326","asset":"BTC"},{"user_id":"327","asset":"BTC"},{"user_id":"328","asset":"BTC"},{"user_id":"329","asset":"BTC"},{"user_id":"330","asset":"BTC"},{"user_id":"331","asset":"BTC"},{"user_id":"332","asset":"BTC"},{"user_id":"333","asset":"BTC"},{"user_id":"334","asset":"BTC"},{"user_id":"335","asset":"BTC"},{"user_id":"336","asset":"BTC"},{"user_id":"337","asset":"BTC"},{"user_id":"338","asset":"BTC"},{"user_id":"339","asset":"BTC"},{"user_id":"340","asset":"BTC"},{"user_id":"341","asset":"BTC"},{"user_id":"342","asset":"BTC"},{"user_id":"343","asset":"BTC"},{"user_id":"344","asset":"BTC"},{"user_id":"345","asset":"BTC"},{"user_id":"346","asset":"BTC"},{"user_id":"347","asset":"BTC"},{"user_id":"348","asset":"BTC"},{"user_id":"349","asset":"BTC"},{"user_id":"350","asset":"BTC"},{"user_id":"351","asset":"BTC"},{"user_id":"352","asset":"BTC"},{"user_id":"353","asset":"BTC"},{"user_id":"354","asset":"BTC"},{"user_id":"355","asset":"BTC"},{"user_id":"356","asset":"BTC"},{"user_id":"357","asset":"BTC"},{"user_id":"358","asset":"BTC"},{"user_id":"359","asset":"BTC"},{"user_id":"360","asset":"BTC"},{"user_id":"361","asset":"BTC"},{"user_id":"362","asset":"BTC"},{"user_id":"363","asset":"BTC"},{"user_id":"364","asset":"BTC"},{"user_id":"365","asset":"BTC"},{"user_id":"366","asset":"BTC"},{"user_id":"367","asset":"BTC"},{"user_id":"368","asset":"BTC"},{"user_id":"369","asset":"BTC"},{"user_id":"370","asset":"BTC"},{"user_id":"371","asset":"BTC"},{"user_id":"372","asset":"BTC"},{"user_id":"373","asset":"BTC"},{"user_id":"374","asset":"BTC"},{"user_id":"375","asset":"BTC"},{"user_id":"376","asset":"BTC"},{"user_id":"377","asset":"BTC"},{"user_id":"378","asset":"BTC"},{"user_id":"379","asset":"BTC"},{"user_id":"380","asset":"BTC"},{"user_id":"381","asset":"BTC"},{"user_id":"382","asset":"BTC"},{"user_id":"383","asset":"BTC"},{"user_id":"384","asset":"BTC"},{"user_id":"385","asset":"BTC"},{"user_id":"386","asset":"BTC"},{"user_id":"387","asset":"BTC"},{"user_id":"388","asset":"BTC"},{"user_id":"389","asset":"BTC"},{"user_id":"390","asset":"BTC"},{"user_id":"391","asset":"BTC"},{"user_id":"392","asset":"BTC"},{"user_id":"393","asset":"BTC"},{"user_id":"394","asset":"BTC"},{"user_id":"395","asset":"BTC"},{"user_id":"396","asset":"BTC"},{"user_id":"397","asset":"BTC"},{"user_id":"398","asset":"BTC"},{"user_id":"399","asset":"BTC"},{"user_id":"400","asset":"BTC"},{"user_id":"401","asset":"BTC"},{"user_id":"402","asset":"BTC"},{"user_id":"403","asset":"BTC"},{"user_id":"404","asset":"BTC"},{"user_id":"405","asset":"BTC"},{"user_id":"406","asset":"BTC"},{"user_id":"407","asset":"BTC"},{"user_id":"408","asset":"BTC"},{"user_id":"409","asset":"BTC"},{"user_id":"410","asset":"BTC"},{"user_id":"411","asset":"BTC"},{"user_id":"412","asset":"BTC"},{"user_id":"413","asset":"BTC"},{"user_id":"414","asset":"BTC"},{"user_id":"415","asset":"BTC"},{"user_id":"416","asset":"BTC"},{"user_id":"417","asset":"BTC"},{"user_id":"418","asset":"BTC"},{"user_id":"419","asset":"BTC"},{"user_id":"420","asset":"BTC"},{"user_id":"421","asset":"BTC"},{"user_id":"422","asset":"BTC"},{"user_id":"423","asset":"BTC"},{"user_id":"424","asset":"BTC"},{"user_id":"425","asset":"BTC"},{"user_id":"426","asset":"BTC"},{"user_id":"427","asset":"BTC"},{"user_id":"428","asset":"BTC"},{"user_id":"429","asset":"BTC"},{"user_id":"430","asset":"BTC"},{"user_id":"431","asset":"BTC"},{"user_id":"432","asset":"BTC"},{"user_id":"433","asset":"BTC"},{"user_id":"434","asset":"BTC"},{"user_id":"435","asset":"BTC"},{"user_id":"436","asset":"BTC"},{"user_id":"437","asset":"BTC"},{"user_id":"438","asset":"BTC"},{"user_id":"439","asset":"BTC"},{"user_id":"440","asset":"BTC"},{"user_id":"441","asset":"BTC"},{"user_id":"442","asset":"BTC"},{"user_id":"443","asset":"BTC"},{"user_id":"444","asset":"BTC"},{"user_id":"445","asset":"BTC"},{"user_id":"446","asset":"BTC"},{"user_id":"447","asset":"BTC"},{"user_id":"448","asset":"BTC"},{"user_id":"449","asset":"BTC"},{"user_id":"450","asset":"BTC"},{"user_id":"451","asset":"BTC"},{"user_id":"452","asset":"BTC"},{"user_id":"453","asset":"BTC"},{"user_id":"454","asset":"BTC"},{"user_id":"455","asset":"BTC"},{"user_id":"456","asset":"BTC"},{"user_id":"457","asset":"BTC"},{"user_id":"458","asset":"BTC"},{"user_id":"459","asset":"BTC"},{"user_id":"460","asset":"BTC"},{"user_id":"461","asset":"BTC"},{"user_id":"462","asset":"BTC"},{"user_id":"463","asset":"BTC"},{"user_id":"464","asset":"BTC"},{"user_id":"465","asset":"BTC"},{"user_id":"466","asset":"BTC"},{"user_id":"467","asset":"BTC"},{"user_id":"468","asset":"BTC"},{"user_id":"469","asset":"BTC"},{"user_id":"470","asset":"BTC"},{"user_id":"471","asset":"BTC"},{"user_id":"472","asset":"BTC"},{"user_id":"473","asset":"BTC"},{"user_id":"474","asset":"BTC"},{"user_id":"475","asset":"BTC"},{"user_id":"476","asset":"BTC"},{"user_id":"477","asset":"BTC"},{"user_id":"478","asset":"BTC"},{"user_id":"479","asset":"BTC"},{"user_id":"480","asset":"BTC"},{"user_id":"481","asset":"BTC"},{"user_id":"482","asset":"BTC"},{"user_id":"483","asset":"BTC"},{"user_id":"484","asset":"BTC"},{"user_id":"485","asset":"BTC"},{"user_id":"486","asset":"BTC"},{"user_id":"487","asset":"BTC"},{"user_id":"488","asset":"BTC"},{"user_id":"489","asset":"BTC"},{"user_id":"490","asset":"BTC"},{"user_id":"491","asset":"BTC"},{"user_id":"492","asset":"BTC"},{"user_id":"493","asset":"BTC"},{"user_id":"494","asset":"BTC"},{"user_id":"495","asset":"BTC"},{"user_id":"496","asset":"BTC"},{"user_id":"497","asset":"BTC"},{"user_id":"498","asset":"BTC"},{"user_id":"499","asset":"BTC"},{"user_id":"500","asset":"BTC"},{"user_id":"501","asset":"BTC"},{"user_id":"502","asset":"BTC"},{"user_id":"503","asset":"BTC"},{"user_id":"504","asset":"BTC"},{"user_id":"505","asset":"BTC"},{"user_id":"506","asset":"BTC"},{"user_id":"507","asset":"BTC"},{"user_id":"508","asset":"BTC"},{"user_id":"509","asset":"BTC"},{"user_id":"510","asset":"BTC"},{"user_id":"511","asset":"BTC"},{"user_id":"512","asset":"BTC"},{"user_id":"513","asset":"BTC"},{"user_id":"514","asset":"BTC"},{"user_id":"515","asset":"BTC"},{"user_id":"516","asset":"BTC"},{"user_id":"517","asset":"BTC"},{"user_id":"518","asset":"BTC"},{"user_id":"519","asset":"BTC"},{"user_id":"520","asset":"BTC"},{"user_id":"521","asset":"BTC"},{"user_id":"522","asset":"BTC"},{"user_id":"523","asset":"BTC"},{"user_id":"524","asset":"BTC"},{"user_id":"525","asset":"BTC"},{"user_id":"526","asset":"BTC"},{"user_id":"527","asset":"BTC"},{"user_id":"528","asset":"BTC"},{"user_id":"529","asset":"BTC"},{"user_id":"530","asset":"BTC"},{"user_id":"531","asset":"BTC"},{"user_id":"532","asset":"BTC"},{"user_id":"533","asset":"BTC"},{"user_id":"534","asset":"BTC"},{"user_id":"535","asset":"BTC"},{"user_id":"536","asset":"BTC"},{"user_id":"537","asset":"BTC"},{"user_id":"538","asset":"BTC"},{"user_id":"539","asset":"BTC"},{"user_id":"540","asset":"BTC"},{"user_id":"541","asset":"BTC"},{"user_id":"542","asset":"BTC"},{"user_id":"543","asset":"BTC"},{"user_id":"544","asset":"BTC"},{"user_id":"545","asset":"BTC"},{"user_id":"546","asset":"BTC"},{"user_id":"547","asset":"BTC"},{"user_id":"548","asset":"BTC"},{"user_id":"549","asset":"BTC"},{"user_id":"550","asset":"BTC"},{"user_id":"551","asset":"BTC"},{"user_id":"552","asset":"BTC"},{"user_id":"553","asset":"BTC"},{"user_id":"554","asset":"BTC"},{"user_id":"555","asset":"BTC"},{"user_id":"556","asset":"BTC"},{"user_id":"557","asset":"BTC"},{"user_id":"558","asset":"BTC"},{"user_id":"559","asset":"BTC"},{"user_id":"560","asset":"BTC"},{"user_id":"561","asset":"BTC"},{"user_id":"562","asset":"BTC"},{"user_id":"563","asset":"BTC"},{"user_id":"564","asset":"BTC"},{"user_id":"565","asset":"BTC"},{"user_id":"566","asset":"BTC"},{"user_id":"567","asset":"BTC"},{"user_id":"568","asset":"BTC"},{"user_id":"569","asset":"BTC"},{"user_id":"570","asset":"BTC"},{"user_id":"571","asset":"BTC"},{"user_id":"572","asset":"BTC"},{"user_id":"573","asset":"BTC"},{"user_id":"574","asset":"BTC"},{"user_id":"575","asset":"BTC"},{"user_id":"576","asset":"BTC"},{"user_id":"577","asset":"BTC"},{"user_id":"578","asset":"BTC"},{"user_id":"579","asset":"BTC"},{"user_id":"580","asset":"BTC"},{"user_id":"581","asset":"BTC"},{"user_id":"582","asset":"BTC"},{"user_id":"583","asset":"BTC"},{"user_id":"584","asset":"BTC"},{"user_id":"585","asset":"BTC"},{"user_id":"586","asset":"BTC"},{"user_id":"587","asset":"BTC"},{"user_id":"588","asset":"BTC"},{"user_id":"589","asset":"BTC"},{"user_id":"590","asset":"BTC"},{"user_id":"591","asset":"BTC"},{"user_id":"592","asset":"BTC"},{"user_id":"593","asset":"BTC"},{"user_id":"594","asset":"BTC"},{"user_id":"595","asset":"BTC"},{"user_id":"596","asset":"BTC"},{"user_id":"597","asset":"BTC"},{"user_id":"598","asset":"BTC"},{"user_id":"599","asset":"BTC"},{"user_id":"600","asset":"BTC"},{"user_id":"601","asset":"BTC"},{"user_id":"602","asset":"BTC"},{"user_id":"603","asset":"BTC"},{"user_id":"604","asset":"BTC"},{"user_id":"605","asset":"BTC"},{"user_id":"606","asset":"BTC"},{"user_id":"607","asset":"BTC"},{"user_id":"608","asset":"BTC"},{"user_id":"609","asset":"BTC"},{"user_id":"610","asset":"BTC"},{"user_id":"611","asset":"BTC"},{"user_id":"612","asset":"BTC"},{"user_id":"613","asset":"BTC"},{"user_id":"614","asset":"BTC"},{"user_id":"615","asset":"BTC"},{"user_id":"616","asset":"BTC"},{"user_id":"617","asset":"BTC"},{"user_id":"618","asset":"BTC"},{"user_id":"619","asset":"BTC"},{"user_id":"620","asset":"BTC"},{"user_id":"621","asset":"BTC"},{"user_id":"622","asset":"BTC"},{"user_id":"623","asset":"BTC"},{"user_id":"624","asset":"BTC"},{"user_id":"625","asset":"BTC"},{"user_id":"626","asset":"BTC"},{"user_id":"627","asset":"BTC"},{"user_id":"628","asset":"BTC"},{"user_id":"629","asset":"BTC"},{"user_id":"630","asset":"BTC"},{"user_id":"631","asset":"BTC"},{"user_id":"632","asset":"BTC"},{"user_id":"633","asset":"BTC"},{"user_id":"634","asset":"BTC"},{"user_id":"635","asset":"BTC"},{"user_id":"636","asset":"BTC"},{"user_id":"637","asset":"BTC"},{"user_id":"638","asset":"BTC"},{"user_id":"639","asset":"BTC"},{"user_id":"640","asset":"BTC"},{"user_id":"641","asset":"BTC"},{"user_id":"642","asset":"BTC"},{"user_id":"643","asset":"BTC"},{"user_id":"644","asset":"BTC"},{"user_id":"645","asset":"BTC"},{"user_id":"646","asset":"BTC"},{"user_id":"647","asset":"BTC"},{"user_id":"648","asset":"BTC"},{"user_id":"649","asset":"BTC"},{"user_id":"650","asset":"BTC"},{"user_id":"651","asset":"BTC"},{"user_id":"652","asset":"BTC"},{"user_id":"653","asset":"BTC"},{"user_id":"654","asset":"BTC"},{"user_id":"655","asset":"BTC"},{"user_id":"656","asset":"BTC"},{"user_id":"657","asset":"BTC"},{"user_id":"658","asset":"BTC"},{"user_id":"659","asset":"BTC"},{"user_id":"660","asset":"BTC"},{"user_id":"661","asset":"BTC"},{"user_id":"662","asset":"BTC"},{"user_id":"663","asset":"BTC"},{"user_id":"664","asset":"BTC"},{"user_id":"665","asset":"BTC"},{"user_id":"666","asset":"BTC"},{"user_id":"667","asset":"BTC"},{"user_id":"668","asset":"BTC"},{"user_id":"669","asset":"BTC"},{"user_id":"670","asset":"BTC"},{"user_id":"671","asset":"BTC"},{"user_id":"672","asset":"BTC"},{"user_id":"673","asset":"BTC"},{"user_id":"674","asset":"BTC"},{"user_id":"675","asset":"BTC"},{"user_id":"676","asset":"BTC"},{"user_id":"677","asset":"BTC"},{"user_id":"678","asset":"BTC"},{"user_id":"679","asset":"BTC"},{"user_id":"680","asset":"BTC"},{"user_id":"681","asset":"BTC"},{"user_id":"682","asset":"BTC"},{"user_id":"683","asset":"BTC"},{"user_id":"684","asset":"BTC"},{"user_id":"685","asset":"BTC"},{"user_id":"686","asset":"BTC"},{"user_id":"687","asset":"BTC"},{"user_id":"688","asset":"BTC"},{"user_id":"689","asset":"BTC"},{"user_id":"690","asset":"BTC"},{"user_id":"691","asset":"BTC"},{"user_id":"692","asset":"BTC"},{"user_id":"693","asset":"BTC"},{"user_id":"694","asset":"BTC"},{"user_id":"695","asset":"BTC"},{"user_id":"696","asset":"BTC"},{"user_id":"697","asset":"BTC"},{"user_id":"698","asset":"BTC"},{"user_id":"699","asset":"BTC"},{"user_id":"700","asset":"BTC"},{"user_id":"701","asset":"BTC"},{"user_id":"702","asset":"BTC"},{"user_id":"703","asset":"BTC"},{"user_id":"704","asset":"BTC"},{"user_id":"705","asset":"BTC"},{"user_id":"706","asset":"BTC"},{"user_id":"707","asset":"BTC"},{"user_id":"708","asset":"BTC"},{"user_id":"709","asset":"BTC"},{"user_id":"710","asset":"BTC"},{"user_id":"711","asset":"BTC"},{"user_id":"712","asset":"BTC"},{"user_id":"713","asset":"BTC"},{"user_id":"714","asset":"BTC"},{"user_id":"715","asset":"BTC"},{"user_id":"716","asset":"BTC"},{"user_id":"717","asset":"BTC"},{"user_id":"718","asset":"BTC"},{"user_id":"719","asset":"BTC"},{"user_id":"720","asset":"BTC"},{"user_id":"721","asset":"BTC"},{"user_id":"722","asset":"BTC"},{"user_id":"723","asset":"BTC"},{"user_id":"724","asset":"BTC"},{"user_id":"725","asset":"BTC"},{"user_id":"726","asset":"BTC"},{"user_id":"727","asset":"BTC"},{"user_id":"728","asset":"BTC"},{"user_id":"729","asset":"BTC"},{"user_id":"730","asset":"BTC"},{"user_id":"731","asset":"BTC"},{"user_id":"732","asset":"BTC"},{"user_id":"733","asset":"BTC"},{"user_id":"734","asset":"BTC"},{"user_id":"735","asset":"BTC"},{"user_id":"736","asset":"BTC"},{"user_id":"737","asset":"BTC"},{"user_id":"738","asset":"BTC"},{"user_id":"739","asset":"BTC"},{"user_id":"740","asset":"BTC"},{"user_id":"741","asset":"BTC"},{"user_id":"742","asset":"BTC"},{"user_id":"743","asset":"BTC"},{"user_id":"744","asset":"BTC"},{"user_id":"745","asset":"BTC"},{"user_id":"746","asset":"BTC"},{"user_id":"747","asset":"BTC"},{"user_id":"748","asset":"BTC"},{"user_id":"749","asset":"BTC"},{"user_id":"750","asset":"BTC"},{"user_id":"751","asset":"BTC"},{"user_id":"752","asset":"BTC"},{"user_id":"753","asset":"BTC"},{"user_id":"754","asset":"BTC"},{"user_id":"755","asset":"BTC"},{"user_id":"756","asset":"BTC"},{"user_id":"757","asset":"BTC"},{"user_id":"758","asset":"BTC"},{"user_id":"759","asset":"BTC"},{"user_id":"760","asset":"BTC"},{"user_id":"761","asset":"BTC"},{"user_id":"762","asset":"BTC"},{"user_id":"763","asset":"BTC"},{"user_id":"764","asset":"BTC"},{"user_id":"765","asset":"BTC"},{"user_id":"766","asset":"BTC"},{"user_id":"767","asset":"BTC"},{"user_id":"768","asset":"BTC"},{"user_id":"769","asset":"BTC"},{"user_id":"770","asset":"BTC"},{"user_id":"771","asset":"BTC"},{"user_id":"772","asset":"BTC"},{"user_id":"773","asset":"BTC"},{"user_id":"774","asset":"BTC"},{"user_id":"775","asset":"BTC"},{"user_id":"776","asset":"BTC"},{"user_id":"777","asset":"BTC"},{"user_id":"778","asset":"BTC"},{"user_id":"779","asset":"BTC"},{"user_id":"780","asset":"BTC"},{"user_id":"781","asset":"BTC"},{"user_id":"782","asset":"BTC"},{"user_id":"783","asset":"BTC"},{"user_id":"784","asset":"BTC"},{"user_id":"785","asset":"BTC"},{"user_id":"786","asset":"BTC"},{"user_id":"787","asset":"BTC"},{"user_id":"788","asset":"BTC"},{"user_id":"789","asset":"BTC"},{"user_id":"790","asset":"BTC"},{"user_id":"791","asset":"BTC"},{"user_id":"792","asset":"BTC"},{"user_id":"793","asset":"BTC"},{"user_id":"794","asset":"BTC"},{"user_id":"795","asset":"BTC"},{"user_id":"796","asset":"BTC"},{"user_id":"797","asset":"BTC"},{"user_id":"798","asset":"BTC"},{"user_id":"799","asset":"BTC"},{"user_id":"800","asset":"BTC"},{"user_id":"801","asset":"BTC"},{"user_id":"802","asset":"BTC"},{"user_id":"803","asset":"BTC"},{"user_id":"804","asset":"BTC"},{"user_id":"805","asset":"BTC"},{"user_id":"806","asset":"BTC"},{"user_id":"807","asset":"BTC"},{"user_id":"808","asset":"BTC"},{"user_id":"809","asset":"BTC"},{"user_id":"810","asset":"BTC"},{"user_id":"811","asset":"BTC"},{"user_id":"812","asset":"BTC"},{"user_id":"813","asset":"BTC"},{"user_id":"814","asset":"BTC"},{"user_id":"815","asset":"BTC"},{"user_id":"816","asset":"BTC"},{"user_id":"817","asset":"BTC"},{"user_id":"818","asset":"BTC"},{"user_id":"819","asset":"BTC"},{"user_id":"820","asset":"BTC"},{"user_id":"821","asset":"BTC"},{"user_id":"822","asset":"BTC"},{"user_id":"823","asset":"BTC"},{"user_id":"824","asset":"BTC"},{"user_id":"825","asset":"BTC"},{"user_id":"826","asset":"BTC"},{"user_id":"827","asset":"BTC"},{"user_id":"828","asset":"BTC"},{"user_id":"829","asset":"BTC"},{"user_id":"830","asset":"BTC"},{"user_id":"831","asset":"BTC"},{"user_id":"832","asset":"BTC"},{"user_id":"833","asset":"BTC"},{"user_id":"834","asset":"BTC"},{"user_id":"835","asset":"BTC"},{"user_id":"836","asset":"BTC"},{"user_id":"837","asset":"BTC"},{"user_id":"838","asset":"BTC"},{"user_id":"839","asset":"BTC"},{"user_id":"840","asset":"BTC"},{"user_id":"841","asset":"BTC"},{"user_id":"842","asset":"BTC"},{"user_id":"843","asset":"BTC"},{"user_id":"844","asset":"BTC"},{"user_id":"845","asset":"BTC"},{"user_id":"846","asset":"BTC"},{"user_id":"847","asset":"BTC"},{"user_id":"848","asset":"BTC"},{"user_id":"849","asset":"BTC"},{"user_id":"850","asset":"BTC"},{"user_id":"851","asset":"BTC"},{"user_id":"852","asset":"BTC"},{"user_id":"853","asset":"BTC"},{"user_id":"854","asset":"BTC"},{"user_id":"855","asset":"BTC"},{"user_id":"856","asset":"BTC"},{"user_id":"857","asset":"BTC"},{"user_id":"858","asset":"BTC"},{"user_id":"859","asset":"BTC"},{"user_id":"860","asset":"BTC"},{"user_id":"861","asset":"BTC"},{"user_id":"862","asset":"BTC"},{"user_id":"863","asset":"BTC"},{"user_id":"864","asset":"BTC"},{"user_id":"865","asset":"BTC"},{"user_id":"866","asset":"BTC"},{"user_id":"867","asset":"BTC"},{"user_id":"868","asset":"BTC"},{"user_id":"869","asset":"BTC"},{"user_id":"870","asset":"BTC"},{"user_id":"871","asset":"BTC"},{"user_id":"872","asset":"BTC"},{"user_id":"873","asset":"BTC"},{"user_id":"874","asset":"BTC"},{"user_id":"875","asset":"BTC"},{"user_id":"876","asset":"BTC"},{"user_id":"877","asset":"BTC"},{"user_id":"878","asset":"BTC"},{"user_id":"879","asset":"BTC"},{"user_id":"880","asset":"BTC"},{"user_id":"881","asset":"BTC"},{"user_id":"882","asset":"BTC"},{"user_id":"883","asset":"BTC"},{"user_id":"884","asset":"BTC"},{"user_id":"885","asset":"BTC"},{"user_id":"886","asset":"BTC"},{"user_id":"887","asset":"BTC"},{"user_id":"888","asset":"BTC"},{"user_id":"889","asset":"BTC"},{"user_id":"890","asset":"BTC"},{"user_id":"891","asset":"BTC"},{"user_id":"892","asset":"BTC"},{"user_id":"893","asset":"BTC"},{"user_id":"894","asset":"BTC"},{"user_id":"895","asset":"BTC"},{"user_id":"896","asset":"BTC"},{"user_id":"897","asset":"BTC"},{"user_id":"898","asset":"BTC"},{"user_id":"899","asset":"BTC"},{"user_id":"900","asset":"BTC"},{"user_id":"901","asset":"BTC"},{"user_id":"902","asset":"BTC"},{"user_id":"903","asset":"BTC"},{"user_id":"904","asset":"BTC"},{"user_id":"905","asset":"BTC"},{"user_id":"906","asset":"BTC"},{"user_id":"907","asset":"BTC"},{"user_id":"908","asset":"BTC"},{"user_id":"909","asset":"BTC"},{"user_id":"910","asset":"BTC"},{"user_id":"911","asset":"BTC"},{"user_id":"912","asset":"BTC"},{"user_id":"913","asset":"BTC"},{"user_id":"914","asset":"BTC"},{"user_id":"915","asset":"BTC"},{"user_id":"916","asset":"BTC"},{"user_id":"917","asset":"BTC"},{"user_id":"918","asset":"BTC"},{"user_id":"919","asset":"BTC"},{"user_id":"920","asset":"BTC"},{"user_id":"921","asset":"BTC"},{"user_id":"922","asset":"BTC"},{"user_id":"923","asset":"BTC"},{"user_id":"924","asset":"BTC"},{"user_id":"925","asset":"BTC"},{"user_id":"926","asset":"BTC"},{"user_id":"927","asset":"BTC"},{"user_id":"928","asset":"BTC"},{"user_id":"929","asset":"BTC"},{"user_id":"930","asset":"BTC"},{"user_id":"931","asset":"BTC"},{"user_id":"932","asset":"BTC"},{"user_id":"933","asset":"BTC"},{"user_id":"934","asset":"BTC"},{"user_id":"935","asset":"BTC"},{"user_id":"936","asset":"BTC"},{"user_id":"937","asset":"BTC"},{"user_id":"938","asset":"BTC"},{"user_id":"939","asset":"BTC"},{"user_id":"940","asset":"BTC"},{"user_id":"941","asset":"BTC"},{"user_id":"942","asset":"BTC"},{"user_id":"943","asset":"BTC"},{"user_id":"944","asset":"BTC"},{"user_id":"945","asset":"BTC"},{"user_id":"946","asset":"BTC"},{"user_id":"947","asset":"BTC"},{"user_id":"948","asset":"BTC"},{"user_id":"949","asset":"BTC"},{"user_id":"950","asset":"BTC"},{"user_id":"951","asset":"BTC"},{"user_id":"952","asset":"BTC"},{"user_id":"953","asset":"BTC"},{"user_id":"954","asset":"BTC"},{"user_id":"955","asset":"BTC"},{"user_id":"956","asset":"BTC"},{"user_id":"957","asset":"BTC"},{"user_id":"958","asset":"BTC"},{"user_id":"959","asset":"BTC"},{"user_id":"960","asset":"BTC"},{"user_id":"961","asset":"BTC"},{"user_id":"962","asset":"BTC"},{"user_id":"963","asset":"BTC"},{"user_id":"964","asset":"BTC"},{"user_id":"965","asset":"BTC"},{"user_id":"966","asset":"BTC"},{"user_id":"967","asset":"BTC"},{"user_id":"968","asset":"BTC"},{"user_id":"969","asset":"BTC"},{"user_id":"970","asset":"BTC"},{"user_id":"971","asset":"BTC"},{"user_id":"972","asset":"BTC"},{"user_id":"973","asset":"BTC"},{"user_id":"974","asset":"BTC"},{"user_id":"975","asset":"BTC"},{"user_id":"976","asset":"BTC"},{"user_id":"977","asset":"BTC"},{"user_id":"978","asset":"BTC"},{"user_id":"979","asset":"BTC"},{"user_id":"980","asset":"BTC"},{"user_id":"981","asset":"BTC"},{"user_id":"982","asset":"BTC"},{"user_id":"983","asset":"BTC"},{"user_id":"984","asset":"BTC"},{"user_id":"985","asset":"BTC"},{"user_id":"986","asset":"BTC"},{"user_id":"987","asset":"BTC"},{"user_id":"988","asset":"BTC"},{"user_id":"989","asset":"BTC"},{"user_id":"990","asset":"BTC"},{"user_id":"991","asset":"BTC"},{"user_id":"992","asset":"BTC"},{"user_id":"993","asset":"BTC"},{"user_id":"994","asset":"BTC"},{"user_id":"995","asset":"BTC"},{"user_id":"996","asset":"BTC"},{"user_id":"997","asset":"BTC"},{"user_id":"998","asset":"BTC"},{"user_id":"999","asset":"BTC"}]